Series Name,Series Code,Country Name,Country Code,1990 [YR1990],2000 [YR2000],2009 [YR2009],2010 [YR2010],2011 [YR2011],2012 [YR2012],2013 [YR2013],2014 [YR2014],2015 [YR2015],2016 [YR2016],2017 [YR2017],2018 [YR2018]
Domestic general government health expenditure (% of current health expenditure),SH.XPD.GHED.CH.ZS,Afghanistan,AFG,..,..,5.41736713,5.47462443,5.60622529,4.34189466,5.03476184,4.960258,5.17223951,..,..,..
Domestic general government health expenditure (% of current health expenditure),SH.XPD.GHED.CH.ZS,Albania,ALB,..,35.38248736,54.10112196,49.89471092,50.18306316,45.13163985,43.62176349,43.61089055,42.30961445,..,..,..
Domestic general government health expenditure (% of current health expenditure),SH.XPD.GHED.CH.ZS,Algeria,DZA,..,71.96343425,70.90392966,69.48214528,70.62489648,72.92948915,71.04850543,72.00870855,70.57826152,..,..,..
Domestic general government health expenditure (% of current health expenditure),SH.XPD.GHED.CH.ZS,American Samoa,ASM,..,..,..,..,..,..,..,..,..,..,..,..
Domestic general government health expenditure (% of current health expenditure),SH.XPD.GHED.CH.ZS,Andorra,AND,..,41.56835825,52.88841115,54.71459772,55.26566725,55.50163398,62.28914739,55.34028534,55.59912887,..,..,..
Domestic general government health expenditure (% of current health expenditure),SH.XPD.GHED.CH.ZS,Angola,AGO,..,54.62865561,67.72655782,62.15766574,64.78455093,65.17805496,62.03386387,54.17208917,47.50627957,..,..,..
Domestic general government health expenditure (% of current health expenditure),SH.XPD.GHED.CH.ZS,Antigua and Barbuda,ATG,..,67.44186047,68.541192,69.14502431,66.79492243,65.75587597,66.76653851,70.66637645,66.55386351,..,..,..
Domestic general government health expenditure (% of current health expenditure),SH.XPD.GHED.CH.ZS,Argentina,ARG,..,23.70136155,52.27689207,54.92647714,57.19849146,63.71674984,66.5667524,70.37210032,71.41693017,..,..,..
Domestic general government health expenditure (% of current health expenditure),SH.XPD.GHED.CH.ZS,Armenia,ARM,..,15.82012639,38.60543623,32.06838638,44.07550956,22.95546388,17.86120221,21.38002229,15.91488078,..,..,..
Domestic general government health expenditure (% of current health expenditure),SH.XPD.GHED.CH.ZS,Aruba,ABW,..,..,..,..,..,..,..,..,..,..,..,..
Domestic general government health expenditure (% of current health expenditure),SH.XPD.GHED.CH.ZS,Australia,AUS,..,68.37893615,69.29594115,68.63637761,69.21351125,67.53580701,67.55206175,67.35788828,..,..,..,..
Domestic general government health expenditure (% of current health expenditure),SH.XPD.GHED.CH.ZS,Austria,AUT,..,..,76.45094033,76.14001532,76.02272494,75.92663912,75.38123205,75.48624911,75.58406305,..,..,..
Domestic general government health expenditure (% of current health expenditure),SH.XPD.GHED.CH.ZS,Azerbaijan,AZE,..,22.59485253,24.48563179,23.42886886,25.68444066,25.75941859,25.51701846,23.19037026,20.22444756,..,..,..
Domestic general government health expenditure (% of current health expenditure),SH.XPD.GHED.CH.ZS,"Bahamas, The",BHS,..,47.05882353,47.60273973,46.51952462,46.93200663,46.33385335,46.01910828,42.56,48.6196319,..,..,..
Domestic general government health expenditure (% of current health expenditure),SH.XPD.GHED.CH.ZS,Bahrain,BHR,..,68.71762928,75.12560619,73.63419644,72.51740459,65.35030507,65.26301807,64.44263881,66.19502994,..,..,..
Domestic general government health expenditure (% of current health expenditure),SH.XPD.GHED.CH.ZS,Bangladesh,BGD,..,28.69051496,18.55735434,19.28414484,19.07834583,19.37790738,15.17582102,13.78340676,14.69589568,..,..,..
Domestic general government health expenditure (% of current health expenditure),SH.XPD.GHED.CH.ZS,Barbados,BRB,..,51.51790757,55.22077498,53.60709058,48.85587421,55.04701673,50.13344509,46.68768074,45.72862848,..,..,..
Domestic general government health expenditure (% of current health expenditure),SH.XPD.GHED.CH.ZS,Belarus,BLR,..,78.66544775,65.57529172,75.93851143,68.53016246,66.82938719,64.01736507,64.12686084,62.36559364,..,..,..
Domestic general government health expenditure (% of current health expenditure),SH.XPD.GHED.CH.ZS,Belgium,BEL,..,0,81.68319446,81.67045095,81.66751675,82.00356693,81.83975238,81.81960471,82.40462397,..,..,..
Domestic general government health expenditure (% of current health expenditure),SH.XPD.GHED.CH.ZS,Belize,BLZ,..,53.04547721,66.80672814,66.14582166,65.14351753,64.77538341,64.75520415,57.39018514,66.40542957,..,..,..
Domestic general government health expenditure (% of current health expenditure),SH.XPD.GHED.CH.ZS,Benin,BEN,..,25.5878797,26.43750103,24.10749357,25.6169365,21.85031639,26.74820301,21.56858092,20.13637677,..,..,..
Domestic general government health expenditure (% of current health expenditure),SH.XPD.GHED.CH.ZS,Bermuda,BMU,..,..,..,..,..,..,..,..,..,..,..,..
Domestic general government health expenditure (% of current health expenditure),SH.XPD.GHED.CH.ZS,Bhutan,BTN,..,79.93200164,74.45580432,72.58249394,73.86661252,72.36462107,71.81284994,71.11692134,72.09324381,..,..,..
Domestic general government health expenditure (% of current health expenditure),SH.XPD.GHED.CH.ZS,Bolivia,BOL,..,56.3196296,63.47340792,61.15590156,60.82754196,59.50567135,60.05686833,64.79708791,68.01483694,..,..,..
Domestic general government health expenditure (% of current health expenditure),SH.XPD.GHED.CH.ZS,Bosnia and Herzegovina,BIH,..,57.38320582,68.1123086,68.15280441,68.50987769,68.68548448,69.3698062,69.70635189,68.68421573,..,..,..
Domestic general government health expenditure (% of current health expenditure),SH.XPD.GHED.CH.ZS,Botswana,BWA,..,72.48725946,66.48355203,58.56526558,63.20726768,56.63492912,52.99586013,54.21533104,55.10065392,..,..,..
Domestic general government health expenditure (% of current health expenditure),SH.XPD.GHED.CH.ZS,Brazil,BRA,..,41.44711285,44.04840406,44.86358956,44.34584097,42.9365906,44.51678645,43.98666051,42.75367468,..,..,..
Domestic general government health expenditure (% of current health expenditure),SH.XPD.GHED.CH.ZS,British Virgin Islands,VGB,..,..,..,..,..,..,..,..,..,..,..,..
Domestic general government health expenditure (% of current health expenditure),SH.XPD.GHED.CH.ZS,Brunei Darussalam,BRN,..,84.16868658,90.50059838,91.73865116,91.5281312,91.14807104,91.58133879,93.51356145,93.9880369,..,..,..
Domestic general government health expenditure (% of current health expenditure),SH.XPD.GHED.CH.ZS,Bulgaria,BGR,..,59.62429861,54.32866891,55.41998942,54.27537387,51.02769806,51.6085597,53.02506891,51.08709745,..,..,..
Domestic general government health expenditure (% of current health expenditure),SH.XPD.GHED.CH.ZS,Burkina Faso,BFA,..,32.58329939,32.30835032,24.93154071,29.48612092,24.47422793,29.51210324,32.56865302,28.24113204,..,..,..
Domestic general government health expenditure (% of current health expenditure),SH.XPD.GHED.CH.ZS,Burundi,BDI,..,21.67784174,19.19344232,17.60574312,34.67444187,30.90560119,17.8582229,20.6072607,38.81822708,..,..,..
Domestic general government health expenditure (% of current health expenditure),SH.XPD.GHED.CH.ZS,Cabo Verde,CPV,..,71.29876336,71.54011383,63.25492524,66.54673518,67.09804943,66.3977761,66.31086004,67.81340412,..,..,..
Domestic general government health expenditure (% of current health expenditure),SH.XPD.GHED.CH.ZS,Cambodia,KHM,..,20.18549577,16.05349759,19.66364807,17.05691988,19.37299182,20.39263262,19.98102423,20.85967638,..,..,..
Domestic general government health expenditure (% of current health expenditure),SH.XPD.GHED.CH.ZS,Cameroon,CMR,..,16.9323709,17.012693,18.03357067,32.9202797,14.54271197,14.25993311,11.73317638,14.4602271,..,..,..
Domestic general government health expenditure (% of current health expenditure),SH.XPD.GHED.CH.ZS,Canada,CAN,..,72.86154944,73.36816489,72.91704444,73.69614208,73.71666721,73.65070103,73.56960053,73.54982557,..,..,..
Domestic general government health expenditure (% of current health expenditure),SH.XPD.GHED.CH.ZS,Cayman Islands,CYM,..,..,..,..,..,..,..,..,..,..,..,..
Domestic general government health expenditure (% of current health expenditure),SH.XPD.GHED.CH.ZS,Central African Republic,CAF,..,39.21729954,11.69355204,21.77435845,16.46792632,18.67450271,11.640942,13.16597608,12.76758909,..,..,..
Domestic general government health expenditure (% of current health expenditure),SH.XPD.GHED.CH.ZS,Chad,TCD,..,41.50431104,20.80522898,20.8783415,21.41591063,19.37875981,39.14329823,27.35555599,23.46268231,..,..,..
Domestic general government health expenditure (% of current health expenditure),SH.XPD.GHED.CH.ZS,Channel Islands,CHI,..,..,..,..,..,..,..,..,..,..,..,..
Domestic general government health expenditure (% of current health expenditure),SH.XPD.GHED.CH.ZS,Chile,CHL,..,53.32743049,58.39237578,59.02731967,59.45809174,59.99639943,60.04149991,60.35286295,60.78119408,..,..,..
Domestic general government health expenditure (% of current health expenditure),SH.XPD.GHED.CH.ZS,China,CHN,..,22.12107289,50.81430286,52.89763204,55.64815631,56.30746175,56.55581408,57.59345276,59.77573942,..,..,..
Domestic general government health expenditure (% of current health expenditure),SH.XPD.GHED.CH.ZS,Colombia,COL,..,78.30998322,71.21121098,71.42789192,73.13765875,73.24489685,73.30908475,70.95424042,66.7771347,..,..,..
Domestic general government health expenditure (% of current health expenditure),SH.XPD.GHED.CH.ZS,Comoros,COM,..,12.99740304,9.86729376,8.78427063,18.2694045,10.96734157,12.2700948,12.16012885,13.40060749,..,..,..
Domestic general government health expenditure (% of current health expenditure),SH.XPD.GHED.CH.ZS,"Congo, Dem. Rep.",COD,..,2.62215951,14.00676348,10.30629934,10.9137214,16.03252654,14.05749652,13.84381367,16.48849652,..,..,..
Domestic general government health expenditure (% of current health expenditure),SH.XPD.GHED.CH.ZS,"Congo, Rep.",COG,..,34.19882859,28.83498601,44.73592063,37.16899673,43.1791985,47.77534846,51.27122258,43.22001404,..,..,..
Domestic general government health expenditure (% of current health expenditure),SH.XPD.GHED.CH.ZS,Costa Rica,CRI,..,66.22553783,71.91871782,73.26662598,73.93148602,74.96591286,76.2869777,73.97301542,75.96967363,..,..,..
Domestic general government health expenditure (% of current health expenditure),SH.XPD.GHED.CH.ZS,Cote d'Ivoire,CIV,..,14.2767207,14.81811635,13.19400298,13.95856115,17.62991493,21.80881783,17.27725165,21.82589173,..,..,..
Domestic general government health expenditure (% of current health expenditure),SH.XPD.GHED.CH.ZS,Croatia,HRV,..,86.13874997,85.12490477,85.4400228,80.22034063,81.61122697,80.22197281,77.75562518,76.77617737,..,..,..
Domestic general government health expenditure (% of current health expenditure),SH.XPD.GHED.CH.ZS,Cuba,CUB,..,..,..,..,..,..,..,..,..,..,..,..
Domestic general government health expenditure (% of current health expenditure),SH.XPD.GHED.CH.ZS,Curacao,CUW,..,..,..,..,..,..,..,..,..,..,..,..
Domestic general government health expenditure (% of current health expenditure),SH.XPD.GHED.CH.ZS,Cyprus,CYP,..,41.65226698,42.88869247,48.21914801,47.01359815,45.37980415,46.10180291,43.75467665,42.59154878,..,..,..
Domestic general government health expenditure (% of current health expenditure),SH.XPD.GHED.CH.ZS,Czech Republic,CZE,..,..,83.27006895,83.33303148,83.88303895,83.74314755,83.61098007,82.68672651,82.37091586,..,..,..
Domestic general government health expenditure (% of current health expenditure),SH.XPD.GHED.CH.ZS,Denmark,DNK,..,83.1073667,84.45875742,84.56257251,83.68216665,84.02080772,84.32667229,84.01340764,84.14279942,..,..,..
Domestic general government health expenditure (% of current health expenditure),SH.XPD.GHED.CH.ZS,Djibouti,DJI,..,48.00641396,59.26671044,60.67915541,63.49311638,57.2790198,61.89267376,59.48296606,54.6217825,..,..,..
Domestic general government health expenditure (% of current health expenditure),SH.XPD.GHED.CH.ZS,Dominica,DMA,..,69.56149765,66.30745818,66.38694252,62.91132807,65.97357418,64.21913749,65.9983253,67.95517659,..,..,..
Domestic general government health expenditure (% of current health expenditure),SH.XPD.GHED.CH.ZS,Dominican Republic,DOM,..,21.78057953,45.80581568,45.1012553,48.10481424,46.95999943,47.44258523,42.17573283,40.34285714,..,..,..
Domestic general government health expenditure (% of current health expenditure),SH.XPD.GHED.CH.ZS,Ecuador,ECU,..,28.98763691,39.92779452,42.4571512,48.00028055,49.87715542,51.42253462,52.3467275,49.66578875,..,..,..
Domestic general government health expenditure (% of current health expenditure),SH.XPD.GHED.CH.ZS,"Egypt, Arab Rep.",EGY,..,35.187184,35.04709903,32.93099522,33.84382711,29.70098361,30.91954819,31.64188364,30.08107773,..,..,..
Domestic general government health expenditure (% of current health expenditure),SH.XPD.GHED.CH.ZS,El Salvador,SLV,..,42.5413797,51.88620421,55.57663741,61.34559953,60.29503884,61.87864651,63.15053852,64.20371261,..,..,..
Domestic general government health expenditure (% of current health expenditure),SH.XPD.GHED.CH.ZS,Equatorial Guinea,GNQ,..,20.61937851,27.30617242,20.71948294,21.03525025,28.65568499,26.61757434,23.57929198,23.5255005,..,..,..
Domestic general government health expenditure (% of current health expenditure),SH.XPD.GHED.CH.ZS,Eritrea,ERI,..,28.13950253,9.61523168,20.58200125,21.98280149,25.91785284,14.87323623,21.1085192,22.97192484,..,..,..
Domestic general government health expenditure (% of current health expenditure),SH.XPD.GHED.CH.ZS,Estonia,EST,..,..,77.43545695,74.45230963,75.24613829,76.26101517,75.50319968,75.41907955,75.36219577,..,..,..
Domestic general government health expenditure (% of current health expenditure),SH.XPD.GHED.CH.ZS,Eswatini,SWZ,..,56.11510791,64.57155667,68.25019287,63.04025822,61.20414725,64.27327629,59.13829979,64.70109665,..,..,..
Domestic general government health expenditure (% of current health expenditure),SH.XPD.GHED.CH.ZS,Ethiopia,ETH,..,41.00469287,22.69291522,17.33451451,9.3589064,23.75310843,26.98083133,17.72080753,26.86947834,..,..,..
Domestic general government health expenditure (% of current health expenditure),SH.XPD.GHED.CH.ZS,Faroe Islands,FRO,..,..,..,..,..,..,..,..,..,..,..,..
Domestic general government health expenditure (% of current health expenditure),SH.XPD.GHED.CH.ZS,Fiji,FJI,..,76.84042241,62.00360843,63.89648832,60.13278945,58.61301098,58.48069087,61.33419689,62.95934264,..,..,..
Domestic general government health expenditure (% of current health expenditure),SH.XPD.GHED.CH.ZS,Finland,FIN,..,73.92470195,77.57220797,77.00966039,77.61127399,78.17611114,78.03193594,77.76613216,77.41248113,..,..,..
Domestic general government health expenditure (% of current health expenditure),SH.XPD.GHED.CH.ZS,France,FRA,..,0,78.47080095,78.35953662,78.11045428,78.22758108,78.48764822,78.78767526,78.92436191,..,..,..
Domestic general government health expenditure (% of current health expenditure),SH.XPD.GHED.CH.ZS,French Polynesia,PYF,..,..,..,..,..,..,..,..,..,..,..,..
Domestic general government health expenditure (% of current health expenditure),SH.XPD.GHED.CH.ZS,Gabon,GAB,..,39.06615174,44.79556689,63.55134766,61.99216983,61.25044719,64.17146713,59.88135418,58.90986608,..,..,..
Domestic general government health expenditure (% of current health expenditure),SH.XPD.GHED.CH.ZS,"Gambia, The",GMB,..,23.49779235,41.18406516,32.12780726,34.28310001,37.80810249,26.40765863,33.88801466,46.55868012,..,..,..
Domestic general government health expenditure (% of current health expenditure),SH.XPD.GHED.CH.ZS,Georgia,GEO,..,14.98881432,21.08535896,21.26262626,17.57219775,18.53035144,22.89263531,27.65351769,38.78523224,..,..,..
Domestic general government health expenditure (% of current health expenditure),SH.XPD.GHED.CH.ZS,Germany,DEU,..,79.36376077,83.5988542,83.44959362,83.28284741,83.13262714,83.79158723,84.2689396,84.47016176,..,..,..
Domestic general government health expenditure (% of current health expenditure),SH.XPD.GHED.CH.ZS,Ghana,GHA,..,21.4993031,38.21807664,39.93534083,45.66013097,48.38291453,53.58254121,32.72032314,34.9480814,..,..,..
Domestic general government health expenditure (% of current health expenditure),SH.XPD.GHED.CH.ZS,Gibraltar,GIB,..,..,..,..,..,..,..,..,..,..,..,..
Domestic general government health expenditure (% of current health expenditure),SH.XPD.GHED.CH.ZS,Greece,GRC,..,..,68.52624081,69.05029092,65.96693479,66.04386241,61.77847237,57.99164637,59.08595356,..,..,..
Domestic general government health expenditure (% of current health expenditure),SH.XPD.GHED.CH.ZS,Greenland,GRL,..,..,..,..,..,..,..,..,..,..,..,..
Domestic general government health expenditure (% of current health expenditure),SH.XPD.GHED.CH.ZS,Grenada,GRD,..,34.90727928,47.11307568,45.32717311,44.31354695,41.43860143,39.78503374,39.27243625,38.74846064,..,..,..
Domestic general government health expenditure (% of current health expenditure),SH.XPD.GHED.CH.ZS,Guam,GUM,..,..,..,..,..,..,..,..,..,..,..,..
Domestic general government health expenditure (% of current health expenditure),SH.XPD.GHED.CH.ZS,Guatemala,GTM,..,32.4958124,33.19102998,31.53334582,31.16157205,30.73780438,34.49232406,34.87720045,32.03295719,..,..,..
Domestic general government health expenditure (% of current health expenditure),SH.XPD.GHED.CH.ZS,Guinea,GIN,..,10.03411251,9.13067043,12.71253901,13.46776047,14.67796953,14.11631898,16.5659376,17.14846216,..,..,..
Domestic general government health expenditure (% of current health expenditure),SH.XPD.GHED.CH.ZS,Guinea-Bissau,GNB,..,49.96501073,43.34187957,16.58148263,9.62316115,25.14066199,37.39846888,29.50175644,31.25642758,..,..,..
Domestic general government health expenditure (% of current health expenditure),SH.XPD.GHED.CH.ZS,Guyana,GUY,..,78.34863807,35.87549563,37.48077613,39.09853284,43.31421882,48.68642607,52.34686455,51.46166477,..,..,..
Domestic general government health expenditure (% of current health expenditure),SH.XPD.GHED.CH.ZS,Haiti,HTI,..,14.89306467,6.60741021,5.65163094,6.85896882,7.69255169,11.58277061,10.13418931,10.67749349,..,..,..
Domestic general government health expenditure (% of current health expenditure),SH.XPD.GHED.CH.ZS,Honduras,HND,..,48.29239065,43.07361975,41.92475612,39.14459139,40.11537856,39.02677609,37.72751397,38.79833096,..,..,..
Domestic general government health expenditure (% of current health expenditure),SH.XPD.GHED.CH.ZS,"Hong Kong SAR, China",HKG,..,..,..,..,..,..,..,..,..,..,..,..
Domestic general government health expenditure (% of current health expenditure),SH.XPD.GHED.CH.ZS,Hungary,HUN,..,..,68.33573904,67.10617024,66.52460649,65.53344953,66.64855205,67.12646024,66.72887085,..,..,..
Domestic general government health expenditure (% of current health expenditure),SH.XPD.GHED.CH.ZS,Iceland,ISL,..,..,81.98166711,80.42772154,80.55332916,80.57957358,80.73082893,81.04018559,81.47514535,..,..,..
Domestic general government health expenditure (% of current health expenditure),SH.XPD.GHED.CH.ZS,India,IND,..,20.68014298,25.61020406,26.20631475,28.87308557,27.98948135,23.0710711,23.66393159,25.59137123,..,..,..
Domestic general government health expenditure (% of current health expenditure),SH.XPD.GHED.CH.ZS,Indonesia,IDN,..,31.88434783,35.13840918,30.49552387,31.17417021,34.3546756,37.17402123,38.58826482,38.19642545,..,..,..
Domestic general government health expenditure (% of current health expenditure),SH.XPD.GHED.CH.ZS,"Iran, Islamic Rep.",IRN,..,37.70975167,36.65220913,32.35679001,33.35728914,34.30973237,38.491404,50.37258406,53.38422781,..,..,..
Domestic general government health expenditure (% of current health expenditure),SH.XPD.GHED.CH.ZS,Iraq,IRQ,..,..,77.5835802,73.87698839,74.83477136,37.50225888,40.75554385,37.21389483,23.2399203,..,..,..
Domestic general government health expenditure (% of current health expenditure),SH.XPD.GHED.CH.ZS,Ireland,IRL,..,..,..,..,..,..,69.82825907,69.30107616,69.98817926,..,..,..
Domestic general government health expenditure (% of current health expenditure),SH.XPD.GHED.CH.ZS,Isle of Man,IMN,..,..,..,..,..,..,..,..,..,..,..,..
Domestic general government health expenditure (% of current health expenditure),SH.XPD.GHED.CH.ZS,Israel,ISR,..,..,61.34154357,62.89958601,62.71062271,62.77400116,63.36444859,..,..,..,..,..
Domestic general government health expenditure (% of current health expenditure),SH.XPD.GHED.CH.ZS,Italy,ITA,..,72.63814522,78.30512076,78.45359246,77.01278143,76.13316261,76.05674983,75.64556962,74.87046457,..,..,..
Domestic general government health expenditure (% of current health expenditure),SH.XPD.GHED.CH.ZS,Jamaica,JAM,..,55.25054856,55.33238831,55.31596975,53.91458473,53.37986391,55.37067052,52.5257636,58.5885695,..,..,..
Domestic general government health expenditure (% of current health expenditure),SH.XPD.GHED.CH.ZS,Japan,JPN,..,80.43052902,81.29418331,81.92724567,83.74062394,83.93068758,84.26091218,84.11785939,..,..,..,..
Domestic general government health expenditure (% of current health expenditure),SH.XPD.GHED.CH.ZS,Jordan,JOR,..,44.98269896,67.08151836,66.7090216,67.44730679,64.40774487,61.55162578,64.47507953,57.16845878,..,..,..
Domestic general government health expenditure (% of current health expenditure),SH.XPD.GHED.CH.ZS,Kazakhstan,KAZ,..,50.93814395,63.59312899,66.03304582,67.80790127,65.69438034,63.76135244,61.85805478,60.17761311,..,..,..
Domestic general government health expenditure (% of current health expenditure),SH.XPD.GHED.CH.ZS,Kenya,KEN,..,37.02249206,24.98167653,27.67925665,31.75732902,31.66371989,32.71241776,32.94393833,33.10335329,..,..,..
Domestic general government health expenditure (% of current health expenditure),SH.XPD.GHED.CH.ZS,Kiribati,KIR,..,96.68036138,63.95076535,91.41141525,94.75126964,88.79367005,82.20731882,82.82641343,95.70630547,..,..,..
Domestic general government health expenditure (% of current health expenditure),SH.XPD.GHED.CH.ZS,"Korea, Dem. People’s Rep.",PRK,..,..,..,..,..,..,..,..,..,..,..,..
Domestic general government health expenditure (% of current health expenditure),SH.XPD.GHED.CH.ZS,"Korea, Rep.",KOR,..,53.89032996,57.910761,57.92198219,57.30671599,56.33760208,56.16099925,56.23979095,56.39652566,..,..,..
Domestic general government health expenditure (% of current health expenditure),SH.XPD.GHED.CH.ZS,Kosovo,XKX,..,..,..,..,..,..,..,..,..,..,..,..
Domestic general government health expenditure (% of current health expenditure),SH.XPD.GHED.CH.ZS,Kuwait,KWT,..,75.94501718,87.11864407,84.64912281,86.16352201,85.00797448,84.57321848,85.94594595,84.10404624,..,..,..
Domestic general government health expenditure (% of current health expenditure),SH.XPD.GHED.CH.ZS,Kyrgyz Republic,KGZ,..,48.35355286,49.86308351,48.24156634,51.57788034,49.45586546,48.20622351,44.36099793,44.8614695,..,..,..
Domestic general government health expenditure (% of current health expenditure),SH.XPD.GHED.CH.ZS,Lao PDR,LAO,..,30.98805155,33.89113978,23.22894933,18.86988175,21.03191986,29.69613579,29.74750616,35.20909483,..,..,..
Domestic general government health expenditure (% of current health expenditure),SH.XPD.GHED.CH.ZS,Latvia,LVA,..,50.75323158,59.64880026,60.1848393,63.49743035,60.34782755,60.01409257,59.86062874,57.49276408,..,..,..
Domestic general government health expenditure (% of current health expenditure),SH.XPD.GHED.CH.ZS,Lebanon,LBN,..,29.84805258,39.19461694,40.34015375,43.80325764,50.20128644,49.44734181,51.68170059,50.53381312,..,..,..
Domestic general government health expenditure (% of current health expenditure),SH.XPD.GHED.CH.ZS,Lesotho,LSO,..,50.24645664,53.94306002,46.68971465,45.32198396,46.89646424,41.44383807,51.14303785,56.82060244,..,..,..
Domestic general government health expenditure (% of current health expenditure),SH.XPD.GHED.CH.ZS,Liberia,LBR,..,32.17757221,13.9255806,12.17286775,21.83558535,19.4903461,19.27313269,8.12787825,7.41050572,..,..,..
Domestic general government health expenditure (% of current health expenditure),SH.XPD.GHED.CH.ZS,Libya,LBY,..,48.70888862,68.84713132,69.99962094,63.29113924,..,..,..,..,..,..,..
Domestic general government health expenditure (% of current health expenditure),SH.XPD.GHED.CH.ZS,Liechtenstein,LIE,..,..,..,..,..,..,..,..,..,..,..,..
Domestic general government health expenditure (% of current health expenditure),SH.XPD.GHED.CH.ZS,Lithuania,LTU,..,68.67752935,72.48296323,71.72729054,71.04962353,67.3352157,66.23287751,66.74074398,65.86561377,..,..,..
Domestic general government health expenditure (% of current health expenditure),SH.XPD.GHED.CH.ZS,Luxembourg,LUX,..,82.13901827,85.78464246,85.22136917,83.41188934,83.70248078,83.18624688,83.13675328,82.67472681,..,..,..
Domestic general government health expenditure (% of current health expenditure),SH.XPD.GHED.CH.ZS,"Macao SAR, China",MAC,..,..,..,..,..,..,..,..,..,..,..,..
Domestic general government health expenditure (% of current health expenditure),SH.XPD.GHED.CH.ZS,Madagascar,MDG,..,42.37151874,28.59444706,40.6692179,35.10952949,34.2624134,37.8689371,42.0458264,45.15438957,..,..,..
Domestic general government health expenditure (% of current health expenditure),SH.XPD.GHED.CH.ZS,Malawi,MWI,..,52.47051721,17.97539051,22.00964042,21.65233118,15.88224646,18.02148629,22.73354007,28.64990369,..,..,..
Domestic general government health expenditure (% of current health expenditure),SH.XPD.GHED.CH.ZS,Malaysia,MYS,..,49.72958755,54.99949279,51.90909861,52.18209383,52.93369095,52.74398718,53.60856674,52.07365793,..,..,..
Domestic general government health expenditure (% of current health expenditure),SH.XPD.GHED.CH.ZS,Maldives,MDV,..,44.76847303,59.71811769,53.75274406,59.30831141,57.12890453,70.53871111,77.57135192,81.59775079,..,..,..
Domestic general government health expenditure (% of current health expenditure),SH.XPD.GHED.CH.ZS,Mali,MLI,..,20.47948664,18.99050743,14.64020964,16.97954679,10.63327765,13.70418217,15.77023119,16.54630036,..,..,..
Domestic general government health expenditure (% of current health expenditure),SH.XPD.GHED.CH.ZS,Malta,MLT,..,72.52326661,64.91673723,64.52025661,64.45550005,65.56930145,67.4885957,61.43045312,60.65675804,..,..,..
Domestic general government health expenditure (% of current health expenditure),SH.XPD.GHED.CH.ZS,Marshall Islands,MHL,..,60.67918384,48.00420342,42.46559298,51.85185376,53.29744581,56.52178126,50.85290047,53.47799175,..,..,..
Domestic general government health expenditure (% of current health expenditure),SH.XPD.GHED.CH.ZS,Mauritania,MRT,..,14.33281962,28.95768296,28.46455572,30.86802603,34.39670702,37.39097963,36.5553442,39.02301726,..,..,..
Domestic general government health expenditure (% of current health expenditure),SH.XPD.GHED.CH.ZS,Mauritius,MUS,..,53.52765317,37.19677039,43.03450851,40.30787822,43.81562452,42.46012548,46.8252762,45.80513096,..,..,..
Domestic general government health expenditure (% of current health expenditure),SH.XPD.GHED.CH.ZS,Mexico,MEX,..,..,46.66847052,48.64709689,51.32641197,51.59181892,52.76314333,51.79225149,52.16868492,..,..,..
Domestic general government health expenditure (% of current health expenditure),SH.XPD.GHED.CH.ZS,"Micronesia, Fed. Sts.",FSM,..,22.51299004,17.40960746,17.6865217,23.54369665,21.55078113,23.2720448,25.51955414,25.97728515,..,..,..
Domestic general government health expenditure (% of current health expenditure),SH.XPD.GHED.CH.ZS,Moldova,MDA,..,50.91392646,42.64972777,45.85812357,46.66666667,48.53230993,46.70520231,49.34478868,45.53836286,..,..,..
Domestic general government health expenditure (% of current health expenditure),SH.XPD.GHED.CH.ZS,Monaco,MCO,..,80.0304878,81.32033998,81.43509866,81.14723033,81.27806741,81.0969551,80.96591132,80.84712249,..,..,..
Domestic general government health expenditure (% of current health expenditure),SH.XPD.GHED.CH.ZS,Mongolia,MNG,..,73.04894962,61.34414822,56.86554137,52.16624637,54.38929198,49.17256246,49.88575537,52.21657495,..,..,..
Domestic general government health expenditure (% of current health expenditure),SH.XPD.GHED.CH.ZS,Montenegro,MNE,..,72.72725515,60.77821353,65.48453532,64.7696932,65.5814084,65.86488879,65.65916159,67.14571166,..,..,..
Domestic general government health expenditure (% of current health expenditure),SH.XPD.GHED.CH.ZS,Morocco,MAR,..,24.64542276,43.12305025,39.90435011,41.03366813,42.50133999,44.58475896,44.48473826,43.29497802,..,..,..
Domestic general government health expenditure (% of current health expenditure),SH.XPD.GHED.CH.ZS,Mozambique,MOZ,..,82.63473973,13.48395858,7.92506908,6.81504263,27.93734652,21.71347608,33.95052643,8.08987632,..,..,..
Domestic general government health expenditure (% of current health expenditure),SH.XPD.GHED.CH.ZS,Myanmar,MMR,..,13.00639137,8.81666473,9.59344199,12.57433152,20.49942595,29.08440965,19.90711224,23.00182011,..,..,..
Domestic general government health expenditure (% of current health expenditure),SH.XPD.GHED.CH.ZS,Namibia,NAM,..,61.6926839,54,54,54,54.00002564,59.36893596,63.99983773,62.98014029,..,..,..
Domestic general government health expenditure (% of current health expenditure),SH.XPD.GHED.CH.ZS,Nauru,NRU,..,80.50529634,52.8734774,56.4385805,54.53199089,45.42031267,49.04976517,56.81499398,54.22802342,..,..,..
Domestic general government health expenditure (% of current health expenditure),SH.XPD.GHED.CH.ZS,Nepal,NPL,..,15.50961945,20.41424154,18.12849366,17.89261189,17.52668677,16.46278756,18.21878069,18.13048174,..,..,..
Domestic general government health expenditure (% of current health expenditure),SH.XPD.GHED.CH.ZS,Netherlands,NLD,..,..,82.43472464,82.55035159,82.18601394,81.97107994,81.07449376,80.66643966,80.71063836,..,..,..
Domestic general government health expenditure (% of current health expenditure),SH.XPD.GHED.CH.ZS,New Caledonia,NCL,..,..,..,..,..,..,..,..,..,..,..,..
Domestic general government health expenditure (% of current health expenditure),SH.XPD.GHED.CH.ZS,New Zealand,NZL,..,78.01626009,80.670893,80.58028216,80.42279387,80.1078527,79.8168221,..,..,..,..,..
Domestic general government health expenditure (% of current health expenditure),SH.XPD.GHED.CH.ZS,Nicaragua,NIC,..,48.48904564,48.87515328,45.73659332,52.20616804,53.15141472,54.05142862,56.20042214,56.52762915,..,..,..
Domestic general government health expenditure (% of current health expenditure),SH.XPD.GHED.CH.ZS,Niger,NER,..,26.02663883,30.86651127,26.16236135,28.04299143,25.33943626,29.64489083,27.36763117,21.02340571,..,..,..
Domestic general government health expenditure (% of current health expenditure),SH.XPD.GHED.CH.ZS,Nigeria,NGA,..,20.12082025,18.43352195,13.71929446,14.52005479,16.36886742,14.40865397,13.38767327,16.52547933,..,..,..
Domestic general government health expenditure (% of current health expenditure),SH.XPD.GHED.CH.ZS,North Macedonia,MKD,..,3.27216265,65.28329233,62.8237968,63.33325532,61.54533166,62.95129234,62.78798071,64.05250564,..,..,..
Domestic general government health expenditure (% of current health expenditure),SH.XPD.GHED.CH.ZS,Northern Mariana Islands,MNP,..,..,..,..,..,..,..,..,..,..,..,..
Domestic general government health expenditure (% of current health expenditure),SH.XPD.GHED.CH.ZS,Norway,NOR,..,..,84.43603427,84.68054683,84.42307692,84.75522809,85.02293561,85.28893689,85.39754712,..,..,..
Domestic general government health expenditure (% of current health expenditure),SH.XPD.GHED.CH.ZS,Oman,OMN,..,81.75173659,81.29703393,82.7135635,81.82298397,82.43119894,87.24064662,89.7659739,88.25362722,..,..,..
Domestic general government health expenditure (% of current health expenditure),SH.XPD.GHED.CH.ZS,Pakistan,PAK,..,35.39776662,21.71079305,22.0162669,25.94435144,28.74642953,26.99662355,25.65797252,27.45451845,..,..,..
Domestic general government health expenditure (% of current health expenditure),SH.XPD.GHED.CH.ZS,Palau,PLW,..,48.82459214,38.7724603,35.35935862,38.61646385,41.54952992,45.68345176,44.21227798,44.05507719,..,..,..
Domestic general government health expenditure (% of current health expenditure),SH.XPD.GHED.CH.ZS,Panama,PAN,..,67.4433399,64.39058714,63.26133156,61.55910661,57.00174942,61.34494314,61.13153125,61.58047485,..,..,..
Domestic general government health expenditure (% of current health expenditure),SH.XPD.GHED.CH.ZS,Papua New Guinea,PNG,..,82.93463014,66.83551504,61.69794917,65.26032502,61.45082947,74.03575611,74.66770238,71.03502197,..,..,..
Domestic general government health expenditure (% of current health expenditure),SH.XPD.GHED.CH.ZS,Paraguay,PRY,..,42.55483639,47.9099324,46.35452858,49.14728474,53.58224788,50.39888517,54.18901125,53.53483855,..,..,..
Domestic general government health expenditure (% of current health expenditure),SH.XPD.GHED.CH.ZS,Peru,PER,..,52.26948524,50.8907997,52.15255205,52.5201106,53.93359849,57.6936162,61.48382909,61.69912228,..,..,..
Domestic general government health expenditure (% of current health expenditure),SH.XPD.GHED.CH.ZS,Philippines,PHL,..,44.39830002,30.64958808,31.90242426,26.38143835,26.28685193,26.2148808,27.76186321,31.39779723,..,..,..
Domestic general government health expenditure (% of current health expenditure),SH.XPD.GHED.CH.ZS,Poland,POL,..,..,..,..,..,..,70.67022374,70.59096129,69.88509401,..,..,..
Domestic general government health expenditure (% of current health expenditure),SH.XPD.GHED.CH.ZS,Portugal,PRT,..,70.46778832,69.92070938,69.76861543,67.69455408,65.56934292,66.92237572,66.0822528,66.21735648,..,..,..
Domestic general government health expenditure (% of current health expenditure),SH.XPD.GHED.CH.ZS,Puerto Rico,PRI,..,..,..,..,..,..,..,..,..,..,..,..
Domestic general government health expenditure (% of current health expenditure),SH.XPD.GHED.CH.ZS,Qatar,QAT,..,59.51539799,71.01411396,70.99030556,73.43143266,79.08786794,84.1702955,86.74301674,85.41249059,..,..,..
Domestic general government health expenditure (% of current health expenditure),SH.XPD.GHED.CH.ZS,Romania,ROU,..,80.58027789,78.69089975,79.89761764,75.09036259,76.72484563,79.13106708,78.77400559,77.75538588,..,..,..
Domestic general government health expenditure (% of current health expenditure),SH.XPD.GHED.CH.ZS,Russian Federation,RUS,..,59.35673184,62.0668643,61.37906737,62.65058987,63.70746377,62.38064048,61.78654597,61.07916329,..,..,..
Domestic general government health expenditure (% of current health expenditure),SH.XPD.GHED.CH.ZS,Rwanda,RWA,..,24.98818071,17.81882354,18.07563242,25.24628159,22.82230806,21.99880571,30.88106852,21.37426684,..,..,..
Domestic general government health expenditure (% of current health expenditure),SH.XPD.GHED.CH.ZS,Samoa,WSM,..,72.02459253,76.99868002,75.30476423,66.06544039,76.90186021,64.67609393,70.46383066,79.110312,..,..,..
Domestic general government health expenditure (% of current health expenditure),SH.XPD.GHED.CH.ZS,San Marino,SMR,..,72.82349292,80.09976445,81.414506,81.68846558,82.33262965,81.51966338,81.03137583,80.87199604,..,..,..
Domestic general government health expenditure (% of current health expenditure),SH.XPD.GHED.CH.ZS,Sao Tome and Principe,STP,..,37.0835691,32.54035816,43.53945279,45.05236839,27.67402186,29.33526592,36.47109394,37.1866607,..,..,..
Domestic general government health expenditure (% of current health expenditure),SH.XPD.GHED.CH.ZS,Saudi Arabia,SAU,..,72.05238716,68.23103595,64.84943338,68.84530872,70.03374474,71.00843765,73.4250111,71.31392905,..,..,..
Domestic general government health expenditure (% of current health expenditure),SH.XPD.GHED.CH.ZS,Senegal,SEN,..,36.74787347,37.25734568,32.1373218,35.16085705,32.67791011,26.45671566,33.13472671,31.74941378,..,..,..
Domestic general government health expenditure (% of current health expenditure),SH.XPD.GHED.CH.ZS,Serbia,SRB,..,65.4339059,61.60669984,60.99684245,61.11202155,62.11655844,59.86000322,58.25764493,57.6848008,..,..,..
Domestic general government health expenditure (% of current health expenditure),SH.XPD.GHED.CH.ZS,Seychelles,SYC,..,82.11168067,93.1320663,86.35701967,85.64081731,91.26713284,92.43029322,96.64166938,96.9942818,..,..,..
Domestic general government health expenditure (% of current health expenditure),SH.XPD.GHED.CH.ZS,Sierra Leone,SLE,..,30.6454072,9.78389509,13.37098242,7.4195222,9.80781978,6.96953491,6.77968649,8.96410516,..,..,..
Domestic general government health expenditure (% of current health expenditure),SH.XPD.GHED.CH.ZS,Singapore,SGP,..,36.33290039,41.49952746,42.68679681,44.02144285,45.94661191,47.70661744,50.95213252,51.87575635,..,..,..
Domestic general government health expenditure (% of current health expenditure),SH.XPD.GHED.CH.ZS,Sint Maarten (Dutch part),SXM,..,..,..,..,..,..,..,..,..,..,..,..
Domestic general government health expenditure (% of current health expenditure),SH.XPD.GHED.CH.ZS,Slovak Republic,SVK,..,..,73.48690074,71.90765258,73.78033721,72.169329,74.20529179,80.22724583,79.71612579,..,..,..
Domestic general government health expenditure (% of current health expenditure),SH.XPD.GHED.CH.ZS,Slovenia,SVN,..,..,73.11577515,73.39005101,73.39684359,71.90103556,71.1082298,70.42379491,71.29637104,..,..,..
Domestic general government health expenditure (% of current health expenditure),SH.XPD.GHED.CH.ZS,Solomon Islands,SLB,..,83.98815135,61.2424878,58.67862038,55.22723128,56.42878197,72.71429459,62.20320613,62.01930971,..,..,..
Domestic general government health expenditure (% of current health expenditure),SH.XPD.GHED.CH.ZS,Somalia,SOM,..,..,..,..,..,..,..,..,..,..,..,..
Domestic general government health expenditure (% of current health expenditure),SH.XPD.GHED.CH.ZS,South Africa,ZAF,..,36.78878699,50.52994924,52.77755597,54.43531403,54.97160461,54.54249913,53.71285906,53.55438534,..,..,..
Domestic general government health expenditure (% of current health expenditure),SH.XPD.GHED.CH.ZS,South Sudan,SSD,..,..,..,..,..,22.86305737,17.70431363,28.19820572,21.13877229,..,..,..
Domestic general government health expenditure (% of current health expenditure),SH.XPD.GHED.CH.ZS,Spain,ESP,..,..,75.3973249,74.78135491,73.78638709,72.20467719,71.07565795,70.01414925,71.02886353,..,..,..
Domestic general government health expenditure (% of current health expenditure),SH.XPD.GHED.CH.ZS,Sri Lanka,LKA,..,65.15451616,52.68177425,52.63691977,53.65435413,55.15785976,56.96423546,56.76664767,53.71800995,..,..,..
Domestic general government health expenditure (% of current health expenditure),SH.XPD.GHED.CH.ZS,St. Kitts and Nevis,KNA,..,42.28201226,38.00656367,38.84265567,36.99466767,35.83444182,34.27472778,37.4863445,37.55070028,..,..,..
Domestic general government health expenditure (% of current health expenditure),SH.XPD.GHED.CH.ZS,St. Lucia,LCA,..,42.31882899,34.45478453,30.9054728,31.76931225,20.53994837,24.99456726,35.70584105,41.93515701,..,..,..
Domestic general government health expenditure (% of current health expenditure),SH.XPD.GHED.CH.ZS,St. Martin (French part),MAF,..,..,..,..,..,..,..,..,..,..,..,..
Domestic general government health expenditure (% of current health expenditure),SH.XPD.GHED.CH.ZS,St. Vincent and the Grenadines,VCT,..,80.00225585,75.51761856,72.42847178,72.56187135,74.53290131,75.86008498,73.94749895,69.941406,..,..,..
Domestic general government health expenditure (% of current health expenditure),SH.XPD.GHED.CH.ZS,Sudan,SDN,..,33.82594417,41.11615985,32.54711527,23.46251422,26.25350358,16.77329624,25.2728363,31.14130435,..,..,..
Domestic general government health expenditure (% of current health expenditure),SH.XPD.GHED.CH.ZS,Suriname,SUR,..,48.26626426,44.6511139,42.00254682,45.6159557,48.05081945,48.34197833,48.37761107,50.48611714,..,..,..
Domestic general government health expenditure (% of current health expenditure),SH.XPD.GHED.CH.ZS,Sweden,SWE,..,..,81.96097097,81.88309493,83.96660563,83.58222657,83.38431026,83.36624002,83.66360718,..,..,..
Domestic general government health expenditure (% of current health expenditure),SH.XPD.GHED.CH.ZS,Switzerland,CHE,..,..,..,69.52823306,70.17178219,71.13936257,71.75484469,70.7952987,70.72655713,..,..,..
Domestic general government health expenditure (% of current health expenditure),SH.XPD.GHED.CH.ZS,Syrian Arab Republic,SYR,..,35.53107843,44.86735085,44.79168521,45.20593661,45.28818649,..,..,..,..,..,..
Domestic general government health expenditure (% of current health expenditure),SH.XPD.GHED.CH.ZS,Tajikistan,TJK,..,20.77922078,19.55728409,21.93780058,23.50789442,27.13948311,27.80976022,29.49620569,28.16932295,..,..,..
Domestic general government health expenditure (% of current health expenditure),SH.XPD.GHED.CH.ZS,Tanzania,TZA,..,21.39794408,29.6351964,27.75648998,24.22067911,23.43128103,26.89726342,30.21796815,35.30276984,..,..,..
Domestic general government health expenditure (% of current health expenditure),SH.XPD.GHED.CH.ZS,Thailand,THA,..,57.9482924,75.52046667,76.2350078,78.85563566,78.16026839,78.22788648,77.47099124,77.08053265,..,..,..
Domestic general government health expenditure (% of current health expenditure),SH.XPD.GHED.CH.ZS,Timor-Leste,TLS,..,..,44.44303328,50.85755737,52.11421245,59.31565771,56.8215445,69.0696467,62.54808017,..,..,..
Domestic general government health expenditure (% of current health expenditure),SH.XPD.GHED.CH.ZS,Togo,TGO,..,11.99518367,19.39289833,26.47874038,24.18339154,26.68439868,21.98516606,22.49108881,28.00110238,..,..,..
Domestic general government health expenditure (% of current health expenditure),SH.XPD.GHED.CH.ZS,Tonga,TON,..,55.5008617,65.58353524,57.36253843,59.13607205,50.35998247,56.092967,54.59587155,47.348171,..,..,..
Domestic general government health expenditure (% of current health expenditure),SH.XPD.GHED.CH.ZS,Trinidad and Tobago,TTO,..,42.69573536,48.97547109,56.45376685,54.31957708,51.65298522,55.59816788,54.71325301,53.76389867,..,..,..
Domestic general government health expenditure (% of current health expenditure),SH.XPD.GHED.CH.ZS,Tunisia,TUN,..,52.66922811,55.03387125,55.75389171,56.41347263,56.96455756,59.09120521,58.1336071,56.30421032,..,..,..
Domestic general government health expenditure (% of current health expenditure),SH.XPD.GHED.CH.ZS,Turkey,TUR,..,..,80.49801427,..,79.12887774,79.17163702,78.35041427,77.60514547,78.13383692,..,..,..
Domestic general government health expenditure (% of current health expenditure),SH.XPD.GHED.CH.ZS,Turkmenistan,TKM,..,46.65184774,24.25165276,24.05106693,25.97605104,26.7274347,28.53607282,26.96157166,23.94773346,..,..,..
Domestic general government health expenditure (% of current health expenditure),SH.XPD.GHED.CH.ZS,Turks and Caicos Islands,TCA,..,..,..,..,..,..,..,..,..,..,..,..
Domestic general government health expenditure (% of current health expenditure),SH.XPD.GHED.CH.ZS,Tuvalu,TUV,..,99.48037227,95.86867355,96.50692398,95.92563064,95.85457616,96.00548229,96.25899955,96.25235538,..,..,..
Domestic general government health expenditure (% of current health expenditure),SH.XPD.GHED.CH.ZS,Uganda,UGA,..,24.434242,10.80730052,13.45701254,15.07548853,16.68320362,17.72496398,16.1167293,13.43168492,..,..,..
Domestic general government health expenditure (% of current health expenditure),SH.XPD.GHED.CH.ZS,Ukraine,UKR,..,47.32042033,58.23581591,58.01570678,54.89443571,55.23886451,54.09472089,47.18286956,46.40522509,..,..,..
Domestic general government health expenditure (% of current health expenditure),SH.XPD.GHED.CH.ZS,United Arab Emirates,ARE,..,68.83046058,73.68283465,70.85415974,72.42097354,72.54479172,71.97173576,70.97638401,71.25105548,..,..,..
Domestic general government health expenditure (% of current health expenditure),SH.XPD.GHED.CH.ZS,United Kingdom,GBR,..,81.78992465,85.19709198,84.79522636,84.244834,83.56221869,80.17764811,80.3156511,80.35156024,..,..,..
Domestic general government health expenditure (% of current health expenditure),SH.XPD.GHED.CH.ZS,United States,USA,..,44.1670858,48.29701763,48.52657394,48.59197338,48.49245236,48.87160371,49.98499281,50.35616434,..,..,..
Domestic general government health expenditure (% of current health expenditure),SH.XPD.GHED.CH.ZS,Uruguay,URY,..,45.78467968,60.47929211,61.44721994,63.6887359,66.92471509,69.07891494,70.21733142,69.8174108,..,..,..
Domestic general government health expenditure (% of current health expenditure),SH.XPD.GHED.CH.ZS,Uzbekistan,UZB,..,47.60133979,48.989812,50.12378234,50.17909456,51.98025705,52.22524469,51.43781239,53.44829481,..,..,..
Domestic general government health expenditure (% of current health expenditure),SH.XPD.GHED.CH.ZS,Vanuatu,VUT,..,62.84092321,39.47982632,44.65839882,43.17633605,41.61344609,68.43280397,66.82365228,83.0575322,..,..,..
Domestic general government health expenditure (% of current health expenditure),SH.XPD.GHED.CH.ZS,"Venezuela, RB",VEN,..,41.57719194,39.43991452,39.63089794,46.35605467,46.56075845,46.94058696,49.01220968,47.67729086,..,..,..
Domestic general government health expenditure (% of current health expenditure),SH.XPD.GHED.CH.ZS,Vietnam,VNM,..,45.28936008,42.02055508,44.27303647,42.72100379,43.26746449,46.84100949,41.95794286,41.80939496,..,..,..
Domestic general government health expenditure (% of current health expenditure),SH.XPD.GHED.CH.ZS,Virgin Islands (U.S.),VIR,..,..,..,..,..,..,..,..,..,..,..,..
Domestic general government health expenditure (% of current health expenditure),SH.XPD.GHED.CH.ZS,West Bank and Gaza,PSE,..,..,..,..,..,..,..,..,..,..,..,..
Domestic general government health expenditure (% of current health expenditure),SH.XPD.GHED.CH.ZS,"Yemen, Rep.",YEM,..,50.83430739,21.73675809,22.47283054,22.81113588,23.89010641,19.74684449,16.18166371,10.18244304,..,..,..
Domestic general government health expenditure (% of current health expenditure),SH.XPD.GHED.CH.ZS,Zambia,ZMB,..,27.61517666,8.45836749,13.00060585,23.17990042,27.45001588,29.49169595,31.71968803,36.56030444,..,..,..
Domestic general government health expenditure (% of current health expenditure),SH.XPD.GHED.CH.ZS,Zimbabwe,ZWE,..,..,..,18.68306392,23.20076425,25.50895424,30.72708999,20.59622852,20.8179601,..,..,..
Domestic general government health expenditure (% of current health expenditure),SH.XPD.GHED.CH.ZS,Arab World,ARB,..,54.9636151454985,61.5913890171933,58.9323509077696,60.8316960315672,59.7818870129611,60.3381671829958,62.2704258682175,59.5605299914959,..,..,..
Domestic general government health expenditure (% of current health expenditure),SH.XPD.GHED.CH.ZS,Caribbean small states,CSS,..,50.5802218369294,50.5029848536576,52.3272553021215,51.2176968649796,50.651071092501,52.2743555219906,51.0046876099428,53.1220444056,..,..,..
Domestic general government health expenditure (% of current health expenditure),SH.XPD.GHED.CH.ZS,Central Europe and the Baltics,CEB,..,..,..,..,..,..,72.8558624609624,72.8754919483028,72.2494363728698,..,..,..
Domestic general government health expenditure (% of current health expenditure),SH.XPD.GHED.CH.ZS,Early-demographic dividend,EAR,..,36.4346716531681,47.227270536544,42.9715686211117,48.0305811207504,48.9765845379185,49.4938242940315,49.8354325139122,49.491798498905,..,..,..
Domestic general government health expenditure (% of current health expenditure),SH.XPD.GHED.CH.ZS,East Asia & Pacific,EAS,..,70.4191911280542,68.7952405847586,68.8839840248922,70.6536019620815,70.0772922204116,68.5193896572203,67.7307232399883,57.7490252575908,..,..,..
Domestic general government health expenditure (% of current health expenditure),SH.XPD.GHED.CH.ZS,East Asia & Pacific (excluding high income),EAP,..,27.1593110235329,50.0887228974082,51.0374156265619,53.4675604685217,54.3607726872943,54.9849998003939,55.9256165219794,58.0430366328281,..,..,..
Domestic general government health expenditure (% of current health expenditure),SH.XPD.GHED.CH.ZS,East Asia & Pacific (IDA & IBRD countries),TEA,..,27.1637325544539,50.0879666912213,51.0364204668425,53.4668248191714,54.3601335172856,54.9845454480777,55.9250493716229,58.0424149207129,..,..,..
Domestic general government health expenditure (% of current health expenditure),SH.XPD.GHED.CH.ZS,Euro area,EMU,..,51.2987587606927,79.4354189136453,79.3636321827138,78.8868899100007,78.6189436652047,78.5693560923865,78.6075339589478,78.754884778779,..,..,..
Domestic general government health expenditure (% of current health expenditure),SH.XPD.GHED.CH.ZS,Europe & Central Asia,ECS,..,57.4891331260248,79.148153702436,78.5875928682344,78.1554609384995,77.8185702658555,77.2353484662719,77.2916670994041,77.4801766664244,..,..,..
Domestic general government health expenditure (% of current health expenditure),SH.XPD.GHED.CH.ZS,Europe & Central Asia (excluding high income),ECA,..,57.9414256763258,65.6202406952003,60.9811508736186,64.7167824356425,64.7554924683624,63.7650710545483,62.9423137164868,62.6234929159523,..,..,..
Domestic general government health expenditure (% of current health expenditure),SH.XPD.GHED.CH.ZS,Europe & Central Asia (IDA & IBRD countries),TEC,..,59.8863859205991,66.2528229810529,61.8742653914334,65.1077913005578,65.1134865020637,64.9318438263745,64.2717566962754,64.0202536781143,..,..,..
Domestic general government health expenditure (% of current health expenditure),SH.XPD.GHED.CH.ZS,European Union,EUU,..,57.5452298103635,80.2653474014745,80.1797740737896,79.7581234089481,79.5011487829482,78.8708214145643,78.9072697244482,79.0211470794684,..,..,..
Domestic general government health expenditure (% of current health expenditure),SH.XPD.GHED.CH.ZS,Fragile and conflict affected situations,FCS,..,32.1969989083953,41.8226900697805,38.2964758172318,37.1739246579981,30.3752865605623,29.8401084430836,28.5544342413153,26.1650298802738,..,..,..
Domestic general government health expenditure (% of current health expenditure),SH.XPD.GHED.CH.ZS,Heavily indebted poor countries (HIPC),HPC,..,28.1515335419085,26.7059482884543,24.8925913903208,25.3422409309767,26.5029841110063,27.0390503674676,26.0954081571219,28.407697377593,..,..,..
Domestic general government health expenditure (% of current health expenditure),SH.XPD.GHED.CH.ZS,High income,HIC,..,53.9735412456804,63.8519434643906,63.8855062323919,64.7007000332571,64.1514125069374,64.0639641367727,64.2344049517639,61.2172546347349,..,..,..
Domestic general government health expenditure (% of current health expenditure),SH.XPD.GHED.CH.ZS,IBRD only,IBD,..,37.622510969342,50.8376787533644,49.8793607429761,52.3539862664702,52.8722302417412,53.7892638068813,54.1850642558726,54.8313261155028,..,..,..
Domestic general government health expenditure (% of current health expenditure),SH.XPD.GHED.CH.ZS,IDA & IBRD total,IBT,..,37.1898508752009,49.3721347129451,48.355487840094,50.8967899976484,51.4620125290403,52.3056754501024,52.5224226778828,53.208679887101,..,..,..
Domestic general government health expenditure (% of current health expenditure),SH.XPD.GHED.CH.ZS,IDA blend,IDB,..,33.1806624527084,24.5204470622625,22.740736546185,25.0709866459249,26.3309386134699,25.4711270486047,24.3241040564865,26.6613865586754,..,..,..
Domestic general government health expenditure (% of current health expenditure),SH.XPD.GHED.CH.ZS,IDA only,IDX,..,29.3934002556777,26.326384045211,24.6152436590891,24.3316607580426,25.845480333928,25.1278030058837,23.5934304664632,25.0068487335971,..,..,..
Domestic general government health expenditure (% of current health expenditure),SH.XPD.GHED.CH.ZS,IDA total,IDA,..,30.8306859567766,25.6067706846766,23.8282977209389,24.6430042931006,26.058959520245,25.2837103954024,23.9240361686734,25.7368350595957,..,..,..
Domestic general government health expenditure (% of current health expenditure),SH.XPD.GHED.CH.ZS,Late-demographic dividend,LTE,..,40.1669854855607,53.4474416959564,53.9973363035282,55.2396853558378,55.7538525697334,57.0945238996517,57.2543433298862,58.3346206858342,..,..,..
Domestic general government health expenditure (% of current health expenditure),SH.XPD.GHED.CH.ZS,Latin America & Caribbean,LCN,..,42.0221684410327,47.5361861304366,48.6008858490202,49.5944565945279,50.1355039005921,51.7806336435004,51.4761009281548,51.6806964774386,..,..,..
Domestic general government health expenditure (% of current health expenditure),SH.XPD.GHED.CH.ZS,Latin America & Caribbean (excluding high income),LAC,..,44.5298379010754,46.2840097938673,47.2235713620594,48.0940229341038,47.8415801819071,49.3027088870408,48.7730499248382,48.070489960717,..,..,..
Domestic general government health expenditure (% of current health expenditure),SH.XPD.GHED.CH.ZS,Latin America & the Caribbean (IDA & IBRD countries),TLA,..,41.9901839183166,47.5276347467819,48.5999876052608,49.5990926633418,50.1371717563207,51.7907170111497,51.4927908383981,51.6908249386682,..,..,..
Domestic general government health expenditure (% of current health expenditure),SH.XPD.GHED.CH.ZS,Least developed countries: UN classification,LDC,..,28.676315624508,27.2111570129991,23.9158243910223,23.8861370108448,25.4706474643247,24.7798544374495,23.7717407063303,24.0530364271265,..,..,..
Domestic general government health expenditure (% of current health expenditure),SH.XPD.GHED.CH.ZS,Low & middle income,LMY,..,37.150310310496,48.8897953190857,47.7318148457356,50.4088729226039,50.8180355507071,51.1678392252688,51.379829678606,52.0599084280374,..,..,..
Domestic general government health expenditure (% of current health expenditure),SH.XPD.GHED.CH.ZS,Low income,LIC,..,28.3563832836014,22.1178106325652,20.951319087464,20.7207092738286,21.7393883517544,20.8860100818803,20.0797666231664,19.6096799520792,..,..,..
Domestic general government health expenditure (% of current health expenditure),SH.XPD.GHED.CH.ZS,Lower middle income,LMC,..,30.4761341197653,32.9696277689256,31.6642195061663,32.7502509126682,33.3146392233234,32.0248539299233,30.9359027580914,31.6404761982164,..,..,..
Domestic general government health expenditure (% of current health expenditure),SH.XPD.GHED.CH.ZS,Middle East & North Africa,MEA,..,52.7385028437445,56.5539479951863,53.5129680899215,54.9893124691826,54.6422199595167,57.7056612310086,61.0271709098628,59.5742543174755,..,..,..
Domestic general government health expenditure (% of current health expenditure),SH.XPD.GHED.CH.ZS,Middle East & North Africa (excluding high income),MNA,..,40.6131017042906,46.5757507371334,43.1582122942579,43.9270257477307,42.0604374110122,44.5701893744438,49.3091428040095,47.6637203486107,..,..,..
Domestic general government health expenditure (% of current health expenditure),SH.XPD.GHED.CH.ZS,Middle East & North Africa (IDA & IBRD countries),TMN,..,40.6131017042906,46.5757507371334,43.1582122942579,43.9270257477307,42.0604374110122,44.5701893744438,49.3091428040095,47.6637203486107,..,..,..
Domestic general government health expenditure (% of current health expenditure),SH.XPD.GHED.CH.ZS,Middle income,MIC,..,37.37396163788,49.4250029468969,48.2866480113921,50.9326331521973,51.3260376153349,51.6605002765535,51.921277617602,52.611444500729,..,..,..
Domestic general government health expenditure (% of current health expenditure),SH.XPD.GHED.CH.ZS,North America,NAC,..,45.4749021342421,49.750611018777,50.1105823877897,50.2782965192595,50.1554823272458,50.458207956744,51.3662009483134,51.5259649685925,..,..,..
Domestic general government health expenditure (% of current health expenditure),SH.XPD.GHED.CH.ZS,Not classified,INX,..,..,..,..,..,..,..,..,..,..,..,..
Domestic general government health expenditure (% of current health expenditure),SH.XPD.GHED.CH.ZS,OECD members,OED,..,54.0830948955722,63.7902089818842,63.7248696025242,64.6530754107248,64.0480545026437,63.9283981392561,64.0301364241735,60.9832580764089,..,..,..
Domestic general government health expenditure (% of current health expenditure),SH.XPD.GHED.CH.ZS,Other small states,OSS,..,59.4596278452688,63.5990820095058,63.7222140337908,64.0239658914353,65.0934813477718,67.8347970441013,69.2805126183799,69.7625945184064,..,..,..
Domestic general government health expenditure (% of current health expenditure),SH.XPD.GHED.CH.ZS,Pacific island small states,PSS,..,67.1918218888386,55.5971282518543,55.7301519910597,55.3696326168612,55.2374579249373,59.6928365133092,58.9192559953006,60.394782555061,..,..,..
Domestic general government health expenditure (% of current health expenditure),SH.XPD.GHED.CH.ZS,Post-demographic dividend,PST,..,54.0896321723753,63.8430192919487,63.8961342233986,64.6758267453211,64.0577054756867,63.8509465868166,63.9658076747669,60.8219779595008,..,..,..
Domestic general government health expenditure (% of current health expenditure),SH.XPD.GHED.CH.ZS,Pre-demographic dividend,PRE,..,24.7613821755398,32.0726725407566,27.3681912650661,28.592234929916,25.0057531466586,24.4736799690678,23.4746429961504,23.1451334437179,..,..,..
Domestic general government health expenditure (% of current health expenditure),SH.XPD.GHED.CH.ZS,Small states,SST,..,56.8247655878509,60.6096269640029,61.1831688898282,61.2832701878575,61.9847067026992,64.6415039027626,65.7778666133838,66.3380702389267,..,..,..
Domestic general government health expenditure (% of current health expenditure),SH.XPD.GHED.CH.ZS,South Asia,SAS,..,23.7203733578758,25.4370415990459,25.8923100329485,28.3827569636398,27.762507344001,23.5175605833549,23.9332839435573,25.5984470449279,..,..,..
Domestic general government health expenditure (% of current health expenditure),SH.XPD.GHED.CH.ZS,South Asia (IDA & IBRD),TSA,..,23.7203733578758,25.4370415990459,25.8923100329485,28.3827569636397,27.762507344001,23.5175605833549,23.9332839435573,25.5984470449279,..,..,..
Domestic general government health expenditure (% of current health expenditure),SH.XPD.GHED.CH.ZS,Sub-Saharan Africa,SSF,..,33.1666660844993,36.3141392468381,36.0522244686896,37.6781554792256,37.8163017372812,36.005271750617,33.9605309428178,34.7222231251925,..,..,..
Domestic general government health expenditure (% of current health expenditure),SH.XPD.GHED.CH.ZS,Sub-Saharan Africa (excluding high income),SSA,..,33.0979784431273,36.2933238306352,36.0276824436571,37.6562878672534,37.7856616250823,35.9746442207107,33.927785668709,34.6882012665494,..,..,..
Domestic general government health expenditure (% of current health expenditure),SH.XPD.GHED.CH.ZS,Sub-Saharan Africa (IDA & IBRD countries),TSS,..,33.1666660844993,36.3141392468381,36.0522244686896,37.6781554792256,37.8163017372812,36.0052717506169,33.9605309428178,34.7222231251925,..,..,..
Domestic general government health expenditure (% of current health expenditure),SH.XPD.GHED.CH.ZS,Upper middle income,UMC,..,39.3103994928657,52.7234090255672,51.8992192192729,54.4966612865235,54.83917667601,55.588154908265,55.9833943362209,56.8647837052638,..,..,..
Domestic general government health expenditure (% of current health expenditure),SH.XPD.GHED.CH.ZS,World,WLD,..,52.4742673158121,61.5766583790964,61.2928773479637,62.1785361262653,61.6761407413899,61.5833884106727,61.7195679990626,59.249340070691,..,..,..
,,,,,,,,,,,,,,,
,,,,,,,,,,,,,,,
,,,,,,,,,,,,,,,
Data from database: World Development Indicators,,,,,,,,,,,,,,,
Last Updated: 03/21/2019,,,,,,,,,,,,,,,
